{"id":"AY0s2BCv3tIYmzhh-vow","name":"Sonar way","conditions":[{"id":"AY0s2EIV3tIYmzhh-vrV","metric":"new_security_rating","op":"GT","error":"1"},{"id":"AY0s2EIV3tIYmzhh-vrW","metric":"new_reliability_rating","op":"GT","error":"1"},{"id":"AY0s2EIV3tIYmzhh-vrX","metric":"new_maintainability_rating","op":"GT","error":"1"},{"id":"AY0s2EIV3tIYmzhh-vrY","metric":"new_coverage","op":"LT","error":"80"},{"id":"AY0s2EIV3tIYmzhh-vrZ","metric":"new_duplicated_lines_density","op":"GT","error":"3"},{"id":"AY0s2EIV3tIYmzhh-vra","metric":"new_security_hotspots_reviewed","op":"LT","error":"100"}],"isBuiltIn":true,"actions":{"rename":false,"setAsDefault":false,"copy":true,"associateProjects":false,"delete":false,"manageConditions":false,"delegate":false},"caycStatus":"compliant"}